Task,Time till Score,Handling Time,Distance till Score,Handling Distance,Precision,Errors,Grabs,Loose Grips,Firm Grips,Objects with Varied Grip
1,27.70448,21.38934,34.11744,28.52048,20.09416,0,15,13,14,12
2,31.22009,26.8718,29.53092,26.72688,16.04995,0,16,15,14,14
3,34.42624,26.8887,33.11171,26.2229,17.4656,0,17,15,10,10
4,26.62424,21.2854,35.79605,31.58755,17.68862,0,15,12,15,12
All,119.9751,96.43524,132.5561,113.0578,71.29832,0,63,55,53,48
